ordine,anno,tipo,titolo,luogo,descrizione,lezione,fonte,fonte_url
-270000,Tra 270.000 e 36.000 anni fa,geologico,Nascono i laghi-cratere di Albano e Nemi — fase idromagmatica,"Lago Albano e Lago di Nemi, Vulcano Laziale","Nell'ultima fase del Vulcano Laziale, detta idromagmatica, il magma incontra l'acqua di falda ed esplode. Le esplosioni scavano crateri ampi e poco rilevati (maar): nel settore occidentale si formano i centri di Albano e Giuntura e, quasi contemporaneamente, quelli di Ariccia e Nemi. I laghi di Albano e di Nemi occupano questi crateri. Prima, tra 350.000 e 270.000 anni fa, la fase delle Faete aveva costruito il cono dentro la caldera.","Il paesaggio dei Castelli Romani — i laghi craterici, le colline di tufo, i suoli vulcanici — è il risultato di un'attività eruttiva potente, terminata circa 36.000 anni fa. Il vulcano oggi è classificato ""quiescente"": non spento, ma non in eruzione. Monitorarlo è parte del sistema nazionale.","Dipartimento della Protezione Civile, «Colli Albani — Storia eruttiva»; INGV, scheda «Colli Albani»",https://rischi.protezionecivile.gov.it/it/vulcanico/vulcani-italia/colli-albani/
-400,Circa 2.500 anni fa,idrogeologico,L'Emissario antico del Lago di Nemi,Lago di Nemi,"Circa 2.500 anni fa viene scavato un emissario sotterraneo, lungo 1.653 metri, che porta le acque del Lago di Nemi verso la Valle Ariccia e poi al mare. Lo realizzano due squadre partite dalle due estremità, sotto 80-100 metri di roccia, che si incontrano sbagliando di pochi metri. Chi lo scavò e in quale anno preciso resta oggetto di studio: alcuni studiosi lo collocano agli inizi del IV secolo a.C. Oggi l'imbocco è all'asciutto, perché il lago si trova almeno tre metri più in basso.","Il controllo dei bacini lacustri è prevenzione, non magia: chi viveva qui 2.500 anni fa lo sapeva e costruiva opere mirate. La cultura del rischio idrogeologico è antica.","Parco Regionale dei Castelli Romani, «Lago di Nemi: un tunnel lungo 25 secoli»; Lamberto Ferri Ricchi, «Le navi di Nemi e l'emissario del lago»",https://www.parchilazio.it/schede-589-emissario_di_nemi
1806,26 agosto 1806,sismico,Terremoto dei Castelli Romani — il sisma di riferimento,"Castelli Romani, danni rilevanti a Genzano",Il 26 agosto 1806 un forte terremoto colpisce l'area dei Castelli Romani con epicentro stimato fra Rocca di Papa e Genzano. A Genzano l'intensità macrosismica raggiunge il grado VIII MCS: crolli e danni gravi documentati a Palazzo Sforza Cesarini e alla Chiesa della SS. Trinità (Chiesa della Cima). È il sisma di riferimento (benchmark) per il rischio sismico massimo storico del nostro territorio comunale.,Vivere in zona sismica 2B non è un'astrazione amministrativa: è la memoria di eventi accaduti. Le moderne norme antisismiche (NTC 2018) sono calibrate proprio sulla sismicità storica come questa.,INGV — Catalogo Parametrico dei Terremoti Italiani CPTI15 e Database Macrosismico DBMI15,https://emidius.mi.ingv.it/CPTI15-DBMI15/
1928,1928–1932,idrogeologico,Abbassamento del Lago di Nemi — recupero delle Navi di Caligola,Lago di Nemi,"Fra il 1928 e il 1932 il livello del Lago di Nemi viene abbassato di circa 22 metri, con idrovore avviate il 20 ottobre 1928, per recuperare le due navi monumentali di Caligola (I secolo d.C.) dal fondale. Durante i lavori la sponda e il fondale intorno al cantiere cedono più volte (1929 e agosto 1931): le pompe vanno spostate su un pontone galleggiante e il pompaggio viene sospeso per non danneggiare la seconda nave. Le fonti consultate non attribuiscono a quei lavori frane sui versanti sotto l'abitato di Nemi e di Genzano.",Intervenire in fretta sul livello di un bacino chiuso in un cratere mette sotto sforzo sponde e terreno: l'equilibrio delle acque va capito prima di essere toccato.,"Guido Ucelli, «Le navi di Nemi» (1940), nella sintesi dell'Encyclopaedia Romana (University of Chicago); Treccani, Enciclopedia dell'Arte Antica, «Nemi, Lago di»; Comune di Nemi, «Storia»",https://penelope.uchicago.edu/encyclopaedia_romana/miscellanea/nemi/nemiships.html
1989,1989–1990,sismico,Crisi sismica dei Colli Albani,"Colli Albani, Castelli Romani","Fra il 1989 e il 1990 i Colli Albani sono interessati da uno sciame sismico di scosse generalmente di bassa magnitudo, ma percepite dalla popolazione. Le scosse più forti del catalogo INGV sono due, del 19 e del 23 ottobre 1989, entrambe di magnitudo Md 3.9. A Genzano erano già attivi dal 1981 i volontari che nel 1991 il Consiglio Comunale avrebbe riunito nel Gruppo Comunale di Protezione Civile.","Le crisi sismiche non sono sempre eventi singoli: anche sciami prolungati di scosse piccole richiedono organizzazione, presidio degli edifici scolastici, comunicazione costante con i cittadini.",INGV — Bollettino sismico storico; ISIDe — Italian Seismological Instrumental and parametric Database,https://terremoti.ingv.it/
1992,1992,normativo,Legge Zamberletti — nasce il Servizio Nazionale della Protezione Civile,Italia,"La Legge 24 febbraio 1992, n. 225 (Legge Zamberletti) istituisce il Servizio nazionale della protezione civile, definendo per la prima volta in modo organico ruoli, competenze e il sistema di coordinamento fra Stato, Regioni, Comuni e volontariato organizzato.","La protezione civile moderna è un sistema, non un singolo ente. Ogni Comune — Genzano compreso — ne è parte attiva, con il suo Gruppo Comunale di volontari.","Normattiva — Legge 24 febbraio 1992, n. 225",https://www.normattiva.it/uri-res/N2Ls?urn:nir:stato:legge:1992;225
2003,2003,normativo,Genzano classificata in Zona sismica 2,Genzano di Roma e Castelli Romani,"Con l'OPCM 20 marzo 2003 n. 3274 e il recepimento regionale, Genzano di Roma è classificata in zona sismica 2 (ag tra 0,15 e 0,25 g). Con la DGR n. 387 del 22 maggio 2009 la Regione Lazio divide la zona in due sottozone: Genzano è nella 2B (ag tra 0,15 e 0,20 g, sismicità media). La classificazione vincola le Norme Tecniche di Costruzione antisismiche per nuove edificazioni e ristrutturazioni.",Vivere in zona 2B significa progettare e costruire tenendo conto del terremoto. Non è solo burocrazia: è prevenzione che salva vite e patrimonio.,Regione Lazio — DGR n. 387/2009 (classificazione sismica); OPCM 3274/2003,https://www.regione.lazio.it/sites/default/files/documentazione/AMB_DGR_387_22_05_2009_Allegato1.pdf
2014,novembre 2014,idrogeologico,Alluvione lampo a Genzano,Frazione Landi e zona Olmo,"Nel novembre 2014 piogge intense scaricano in poche ore quantità d'acqua che la rete di drenaggio comunale non riesce a smaltire: criticità idrauliche nella Frazione Landi e nella zona Olmo, con allagamenti di scantinati, garage e tratti di viabilità. Intervento del Gruppo Comunale e delle squadre regionali per svuotamenti e ripristino.","Le alluvioni lampo non avvengono solo nei grandi fiumi: una rete urbana sottodimensionata in un'ora di pioggia intensa è un rischio reale. Manutenzione di caditoie, tombini e fossi è prevenzione quotidiana.",Comune di Genzano di Roma — Cronaca delle attività di protezione civile; Regione Lazio Centro Funzionale,https://www.regione.lazio.it/
2018,2018,normativo,Il Codice della Protezione Civile,Italia,"Il Decreto Legislativo 2 gennaio 2018, n. 1 — Codice della Protezione Civile — riunisce e aggiorna la disciplina del settore: le 4 attività (previsione, prevenzione, soccorso, superamento), il ruolo dei Comuni, la centralità del volontariato organizzato.","È la cornice entro cui opera oggi il Gruppo Comunale di Genzano: un riferimento unico per sapere chi fa cosa, prima, durante e dopo un'emergenza.","Normattiva — D.Lgs. 2 gennaio 2018, n. 1",https://www.normattiva.it/uri-res/N2Ls?urn:nir:stato:decreto.legislativo:2018;1
2018.5,29 ottobre 2018,meteorologico,Tempesta di vento — schianto di alberature monumentali,"Le Olmate, Genzano di Roma","Il 29 ottobre 2018 raffiche di vento eccezionali colpiscono il centro Italia. A Genzano si registra lo schianto di alberature monumentali (tigli e platani) lungo Le Olmate, il viale storico che collega il centro al Santuario. L'intervento di rimozione e messa in sicurezza dura circa 48 ore per ripristinare la viabilità strategica del corridoio comunale. Nota storica — il viale era originariamente alberato con olmi; la grafiosi (malattia fungina causata da *Ophiostoma novo-ulmi*) ha decimato il patrimonio nazionale di olmi nel Novecento, portando alla sostituzione con tigli e platani.","Il vento estremo è ormai un rischio ricorrente. La gestione del verde urbano (potature, monitoraggio fitosanitario, piani di sostituzione) è prevenzione di protezione civile a tutti gli effetti.",Centro Funzionale Regionale Lazio — bollettini meteo ottobre 2018; Cronaca attività Gruppo Comunale,https://www.regione.lazio.it/
2020,2020–2022,sanitario,Pandemia COVID-19 — supporto logistico e sanitario,"Genzano di Roma, Italia","Durante la pandemia da SARS-CoV-2 il Gruppo Comunale partecipa al sistema nazionale di emergenza sanitaria: distribuzione di farmaci e DPI alle persone fragili, supporto logistico ai centri vaccinali, presidio dei punti tampone, comunicazione di pubblica utilità ai cittadini. È il primo evento di durata pluriennale gestito dalla PC moderna.","Le emergenze sanitarie sono dentro al perimetro della Protezione Civile. La rete di volontariato organizzato regge anche eventi lunghi mesi o anni, se è formata e coordinata.",Dipartimento della Protezione Civile — Cronologia ufficiale emergenza COVID-19,https://www.protezionecivile.gov.it/
2025,2025,istituzionale,Giubileo 2025 e nuova identità visiva della Protezione Civile,Italia; flussi Genzano–Roma,"Due fronti nello stesso anno. Il Giubileo della Speranza apre a dicembre 2024 e attraversa il 2025: gestione del rischio antropico-logistico nei Castelli Romani per i flussi diretti a Roma, in particolare durante la GMG e gli eventi al Villaggio di Tor Vergata. Sul piano istituzionale, il DPCM 5 agosto 2025 adegua la nuova identità visiva del sistema nazionale di Protezione Civile (logo, livrea mezzi, divise, segnaletica). Il Gruppo Comunale di Genzano avvia il piano di adeguamento.","Grandi eventi e cambiamenti istituzionali si gestiscono come si gestisce un'emergenza: con tempo, formazione, pianificazione. Anche un cambio di logo è un'operazione complessa quando coinvolge migliaia di organizzazioni in tutta Italia.",DPCM 5 agosto 2025 (identità visiva PC); Dipartimento della Protezione Civile — Piano operativo Giubileo 2025,https://www.protezionecivile.gov.it/
